"nome","cognome","email","data_di_nascita","avatar"
"Jaylin","Kohler","Allene_Hoppe@hotmail.com","1994-04-25T06:39:25.682Z","https://avatars.githubusercontent.com/u/42167979"
"Ines","MacGyver","Khalid0@gmail.com","1962-04-16T10:54:59.532Z","https://avatars.githubusercontent.com/u/7510028"
"Elenor","Hessel","Clement_Cole@hotmail.com","1951-06-07T09:16:23.386Z","https://avatars.githubusercontent.com/u/27651420"
"Nolan","Gulgowski","Erica82@gmail.com","1952-11-14T07:27:51.753Z","https://avatars.githubusercontent.com/u/89567682"
"Addie","McClure","Troy50@gmail.com","1952-02-25T07:13:30.785Z","https://avatars.githubusercontent.com/u/87645992"
"Lionel","Kutch","Judson.Leuschke@yahoo.com","1968-09-01T08:04:24.206Z","https://avatars.githubusercontent.com/u/43331661"
"Olaf","Walker","Orval_Littel44@gmail.com","1999-11-26T10:22:50.102Z","https://avatars.githubusercontent.com/u/45668222"
"Cali","Satterfield-Reichel","Johnathon85@gmail.com","1950-08-12T15:20:44.253Z","https://avatars.githubusercontent.com/u/72799673"
"Jerrell","Treutel","Kelvin_Davis67@hotmail.com","1992-10-18T03:27:46.879Z","https://avatars.githubusercontent.com/u/73236695"
"Chester","Stracke","Letitia97@gmail.com","1951-02-28T02:35:40.480Z","https://avatars.githubusercontent.com/u/40765541"
"Bo","Walker","Margarette.Koelpin48@hotmail.com","1961-06-27T14:39:58.116Z","https://avatars.githubusercontent.com/u/28207614"
"Francisca","Lockman","Veronica98@yahoo.com","1981-01-13T22:33:32.466Z","https://avatars.githubusercontent.com/u/6299816"
"Stanley","Sipes","Cathryn89@gmail.com","1973-12-16T00:06:40.277Z","https://avatars.githubusercontent.com/u/8396054"
"Kayden","Schaefer","Kenyon_Stroman@yahoo.com","1953-06-11T23:56:15.196Z","https://avatars.githubusercontent.com/u/54009993"
"Talon","Veum","Dakota.Kutch28@yahoo.com","1949-03-29T13:33:42.405Z","https://avatars.githubusercontent.com/u/7644453"
"Ted","Hilpert","Brooke.Denesik7@gmail.com","1955-02-03T04:59:46.733Z","https://avatars.githubusercontent.com/u/91730744"
"Madeline","Zboncak","Henriette_Mraz26@gmail.com","1966-05-30T02:01:51.903Z","https://avatars.githubusercontent.com/u/44294262"
"Herta","Beier","Justyn.Howe@hotmail.com","2004-03-13T16:01:33.162Z","https://avatars.githubusercontent.com/u/6015401"
"Mossie","Sporer","Felicia83@gmail.com","1999-08-18T12:45:31.107Z","https://avatars.githubusercontent.com/u/90899846"
"Brando","Brekke","Florida.Hintz43@hotmail.com","1961-07-08T18:15:42.690Z","https://avatars.githubusercontent.com/u/29082308"
"German","Doyle","Marcus88@hotmail.com","1976-07-08T05:49:04.603Z","https://avatars.githubusercontent.com/u/41500075"
"Kennedy","Rau","Fannie_Walsh26@gmail.com","1970-06-29T08:53:36.483Z","https://avatars.githubusercontent.com/u/91521206"
"Karina","Paucek","Alphonso0@yahoo.com","1981-02-05T20:18:31.081Z","https://avatars.githubusercontent.com/u/53635272"
"Kelsie","Rempel","Johann.Ziemann@hotmail.com","1995-02-04T10:13:38.831Z","https://avatars.githubusercontent.com/u/90509417"
"Vernie","Jaskolski","Monserrate.Harber53@hotmail.com","1983-07-27T09:36:45.046Z","https://avatars.githubusercontent.com/u/2125655"
"Esteban","Oberbrunner","Parker.Kutch66@yahoo.com","1963-03-01T03:06:34.266Z","https://avatars.githubusercontent.com/u/84165886"
"Robin","Weissnat","Kennedi.Dicki81@hotmail.com","1971-10-12T10:43:52.224Z","https://avatars.githubusercontent.com/u/90114770"
"Hyman","Goldner","Otis_Wisozk63@yahoo.com","2006-03-21T06:52:36.640Z","https://avatars.githubusercontent.com/u/59146989"
"Tanner","Armstrong","Durward.Swaniawski78@gmail.com","1985-09-28T04:29:59.710Z","https://avatars.githubusercontent.com/u/12264461"
"Alec","Hickle","Lauren.Heaney@hotmail.com","1959-08-16T23:08:55.323Z","https://avatars.githubusercontent.com/u/96818690"
"Rosetta","Pagac","Kiara.Denesik@yahoo.com","1953-01-18T19:16:47.700Z","https://avatars.githubusercontent.com/u/49252881"
"Brendon","Stark","Margarett_Kunde@gmail.com","1944-05-13T13:09:25.796Z","https://avatars.githubusercontent.com/u/53533098"
"Donato","Schmitt","Clifton.Williamson75@gmail.com","2001-12-13T06:07:37.832Z","https://avatars.githubusercontent.com/u/9037280"
"Bella","Lindgren","Celestine.Kiehn@gmail.com","1994-03-28T09:54:40.467Z","https://avatars.githubusercontent.com/u/97683986"
"Braeden","Marks","Lafayette58@hotmail.com","1953-07-22T18:17:26.156Z","https://avatars.githubusercontent.com/u/27676204"
"Geo","Prohaska-Turcotte","Lurline_Ortiz@hotmail.com","1954-10-30T01:37:49.503Z","https://avatars.githubusercontent.com/u/58569227"
"Timothy","Tillman","Margarita61@gmail.com","1946-02-26T15:00:20.437Z","https://avatars.githubusercontent.com/u/91633713"
"Genoveva","Paucek","Maddison_Padberg43@yahoo.com","1997-03-18T16:01:31.580Z","https://avatars.githubusercontent.com/u/92905093"
"Derek","Terry","Francis94@yahoo.com","1999-08-08T19:09:11.236Z","https://avatars.githubusercontent.com/u/85138266"
"Vernice","Trantow","Nels_Wuckert@hotmail.com","1976-11-12T20:30:08.089Z","https://avatars.githubusercontent.com/u/24408991"
"Gerald","McDermott","Tess_Kerluke@hotmail.com","1955-04-04T00:46:02.695Z","https://avatars.githubusercontent.com/u/45213020"
"Lexi","Schinner","Henri.Jast30@gmail.com","1978-04-09T06:52:08.121Z","https://avatars.githubusercontent.com/u/41114877"
"Anna","Tromp","Maye20@gmail.com","2004-01-21T10:27:51.004Z","https://avatars.githubusercontent.com/u/69109131"
"Rahsaan","Nienow","Esteban.Vandervort66@gmail.com","2000-01-05T22:44:13.776Z","https://avatars.githubusercontent.com/u/21321977"
"Russell","O'Keefe","Mafalda.Reilly-Kuphal@hotmail.com","1991-04-14T21:28:12.499Z","https://avatars.githubusercontent.com/u/70878907"
"Maximillia","Mayert","Verla_Wiza@hotmail.com","1976-09-25T09:40:11.074Z","https://avatars.githubusercontent.com/u/55895718"
"Chadd","Schulist","Myrtie_Howe@gmail.com","1993-01-29T01:31:03.163Z","https://avatars.githubusercontent.com/u/38357482"
"Rosario","Kutch","Floy20@gmail.com","1959-08-06T22:09:16.532Z","https://avatars.githubusercontent.com/u/11493858"
"Enos","Murazik","Karine22@hotmail.com","1980-04-10T09:32:17.779Z","https://avatars.githubusercontent.com/u/90637598"
"Hester","Ebert","Clemens60@hotmail.com","1947-01-28T13:20:27.762Z","https://avatars.githubusercontent.com/u/88190524"